{
  "properties": {
    "connectionReferences": {
      "shared_commondataserviceforapps": {
        "runtimeSource": "embedded",
        "connection": {},
        "api": {
          "name": "shared_commondataserviceforapps"
        }
      }
    },
    "definition": {
      "$schema": "https://schema.management.azure.com/providers/Microsoft.Logic/schemas/2016-06-01/workflowdefinition.json#",
      "contentVersion": "1.0.0.0",
      "parameters": {
        "$connections": {
          "defaultValue": {},
          "type": "Object"
        },
        "$authentication": {
          "defaultValue": {},
          "type": "SecureObject"
        }
      },
      "triggers": {
        "When_a_row_is_added,_modified_or_deleted": {
          "type": "OpenApiConnectionWebhook",
          "inputs": {
            "host": {
              "connectionName": "shared_commondataserviceforapps",
              "operationId": "SubscribeWebhookTrigger",
              "apiId": "/providers/Microsoft.PowerApps/apis/shared_commondataserviceforapps"
            },
            "parameters": {
              "subscriptionRequest/message": 3,
              "subscriptionRequest/entityname": "egcs_fc_profile",
              "subscriptionRequest/scope": 4,
              "subscriptionRequest/filteringattributes": "egcs_portalapplicationprocess"
            },
            "authentication": "@parameters('$authentication')"
          }
        }
      },
      "actions": {
        "Terminate": {
          "runAfter": {
            "If_Application_Process_equal_to_'New'_and_Data_Entry_Source_equal_'Portal'": [
              "Succeeded"
            ]
          },
          "type": "Terminate",
          "inputs": {
            "runStatus": "Succeeded"
          }
        },
        "If_Application_Process_equal_to_'New'_and_Data_Entry_Source_equal_'Portal'": {
          "actions": {
            "Create_FC_Attestation_and_link_it_to_the_FC_Profile_and_more": {
              "runAfter": {
                "Create_FC_Application_and_link_it_to_the_FC_Profile_and_more": [
                  "Succeeded"
                ]
              },
              "type": "OpenApiConnection",
              "inputs": {
                "host": {
                  "connectionName": "shared_commondataserviceforapps",
                  "operationId": "CreateRecord",
                  "apiId": "/providers/Microsoft.PowerApps/apis/shared_commondataserviceforapps"
                },
                "parameters": {
                  "entityName": "egcs_fc_applicationattestations",
                  "item/egcs_name": "Attestation - @{triggerOutputs()?['body/egcs_name']}",
                  "item/egcs_Application@odata.bind": "egcs_fc_applications/@{outputs('Create_FC_Application_and_link_it_to_the_FC_Profile_and_more')?['body/egcs_fc_applicationid']}",
                  "item/egcs_attestationcopyen": "@outputs('Get_TP_Application_Attestation_associated_to_the_TP_Profile')?['body/egcs_attestationcopy_en']",
                  "item/egcs_attestationcopyfr": "@outputs('Get_TP_Application_Attestation_associated_to_the_TP_Profile')?['body/egcs_attestationcopy_fr']",
                  "item/egcs_AuthorizedAgent_Portal@odata.bind": "contacts/@{triggerOutputs()?['body/_egcs_authorizedagent_portal_value']}",
                  "item/egcs_dataentrysource": 881990000,
                  "item/egcs_FundingCase@odata.bind": "egcs_fc_profiles/@{triggerOutputs()?['body/egcs_fc_profileid']}",
                  "item/egcs_FundingOpportunity@odata.bind": "egcs_fo_profiles/@{outputs('Get_Funding_Opportunity_associated_to_the_FC_Profile')?['body/egcs_fo_profileid']}",
                  "item/egcs_Program@odata.bind": "egcs_tp_profiles/@{outputs('Get_Funding_Opportunity_associated_to_the_FC_Profile')?['body/_egcs_tp_profileid_value']}",
                  "item/egcs_ProgramApplicationAttestation@odata.bind": "egcs_tp_applicationattestations/@{outputs('Get_TP_Application_Attestation_associated_to_the_TP_Profile')?['body/egcs_tp_applicationattestationid']}",
                  "item/statecode": 0,
                  "item/statuscode": 881990000
                },
                "authentication": "@parameters('$authentication')"
              }
            },
            "Get_TP_Application_Attestation_associated_to_the_TP_Profile": {
              "runAfter": {
                "Get_Program_associated_to_the_FO_Profile___": [
                  "Succeeded"
                ]
              },
              "type": "OpenApiConnection",
              "inputs": {
                "host": {
                  "connectionName": "shared_commondataserviceforapps",
                  "operationId": "GetItem",
                  "apiId": "/providers/Microsoft.PowerApps/apis/shared_commondataserviceforapps"
                },
                "parameters": {
                  "entityName": "egcs_tp_applicationattestations",
                  "recordId": "@outputs('Get_Program_associated_to_the_FO_Profile___')?['body/_egcs_applicationattestation_value']"
                },
                "authentication": "@parameters('$authentication')"
              }
            },
            "Update__Current_FC_Profile": {
              "runAfter": {
                "Create_a_FC_Required_Documents_for_each_TP_Required_Documents": [
                  "Succeeded"
                ]
              },
              "type": "OpenApiConnection",
              "inputs": {
                "host": {
                  "connectionName": "shared_commondataserviceforapps",
                  "operationId": "UpdateRecord",
                  "apiId": "/providers/Microsoft.PowerApps/apis/shared_commondataserviceforapps"
                },
                "parameters": {
                  "entityName": "egcs_fc_profiles",
                  "recordId": "@triggerOutputs()?['body/egcs_fc_profileid']",
                  "item/egcs_account@odata.bind": "accounts/@{outputs('Get_Account_associated_to_the_Authenticated_Contact')?['body/accountid']}",
                  "item/egcs_AssistanceType@odata.bind": "egcs_tp_assistancetypes/@{outputs('Get_Funding_Opportunity_associated_to_the_FC_Profile')?['body/_egcs_assistancetype_value']}",
                  "item/egcs_LatestApplication@odata.bind": "egcs_fc_applications/@{outputs('Create_FC_Application_and_link_it_to_the_FC_Profile_and_more')?['body/egcs_fc_applicationid']}",
                  "item/egcs_LatestApplicationAttestation@odata.bind": "egcs_fc_applicationattestations/@{outputs('Create_FC_Attestation_and_link_it_to_the_FC_Profile_and_more')?['body/egcs_fc_applicationattestationid']}",
                  "item/egcs_TP_ProfileId@odata.bind": "egcs_tp_profiles/@{outputs('Get_Funding_Opportunity_associated_to_the_FC_Profile')?['body/_egcs_tp_profileid_value']}",
                  "item/statecode": 0,
                  "item/statuscode": 881990000
                },
                "authentication": "@parameters('$authentication')"
              }
            },
            "Get_Program_associated_to_the_FO_Profile___": {
              "runAfter": {
                "Get_Funding_Opportunity_associated_to_the_FC_Profile": [
                  "Succeeded"
                ]
              },
              "type": "OpenApiConnection",
              "inputs": {
                "host": {
                  "connectionName": "shared_commondataserviceforapps",
                  "operationId": "GetItem",
                  "apiId": "/providers/Microsoft.PowerApps/apis/shared_commondataserviceforapps"
                },
                "parameters": {
                  "entityName": "egcs_tp_profiles",
                  "recordId": "@outputs('Get_Funding_Opportunity_associated_to_the_FC_Profile')?['body/_egcs_tp_profileid_value']"
                },
                "authentication": "@parameters('$authentication')"
              }
            },
            "Create_FC_Application_and_link_it_to_the_FC_Profile_and_more": {
              "runAfter": {
                "Get_TP_Application_Attestation_associated_to_the_TP_Profile": [
                  "Succeeded"
                ]
              },
              "type": "OpenApiConnection",
              "inputs": {
                "host": {
                  "connectionName": "shared_commondataserviceforapps",
                  "operationId": "CreateRecord",
                  "apiId": "/providers/Microsoft.PowerApps/apis/shared_commondataserviceforapps"
                },
                "parameters": {
                  "entityName": "egcs_fc_applications",
                  "item/egcs_name": "Application - @{triggerOutputs()?['body/egcs_name']}",
                  "item/egcs_Account@odata.bind": "accounts/@{outputs('Get_Account_associated_to_the_Authenticated_Contact')?['body/accountid']}",
                  "item/egcs_AssistanceType@odata.bind": "egcs_tp_assistancetypes/@{outputs('Get_Funding_Opportunity_associated_to_the_FC_Profile')?['body/_egcs_assistancetype_value']}",
                  "item/egcs_AuthorizedAgent_Portal@odata.bind": "contacts/@{triggerOutputs()?['body/_egcs_authorizedagent_portal_value']}",
                  "item/egcs_dataentrysource": 881990000,
                  "item/egcs_FundingCase@odata.bind": "egcs_fc_profiles/@{triggerOutputs()?['body/egcs_fc_profileid']}",
                  "item/egcs_FundingOpportunity@odata.bind": "egcs_fo_profiles/@{outputs('Get_Funding_Opportunity_associated_to_the_FC_Profile')?['body/egcs_fo_profileid']}",
                  "item/egcs_Program@odata.bind": "egcs_tp_profiles/@{outputs('Get_Funding_Opportunity_associated_to_the_FC_Profile')?['body/_egcs_tp_profileid_value']}",
                  "item/statuscode": 881990000
                },
                "authentication": "@parameters('$authentication')"
              }
            },
            "Get_Funding_Opportunity_associated_to_the_FC_Profile": {
              "runAfter": {
                "Get_Account_associated_to_the_Authenticated_Contact": [
                  "Succeeded"
                ]
              },
              "type": "OpenApiConnection",
              "inputs": {
                "host": {
                  "connectionName": "shared_commondataserviceforapps",
                  "operationId": "GetItem",
                  "apiId": "/providers/Microsoft.PowerApps/apis/shared_commondataserviceforapps"
                },
                "parameters": {
                  "entityName": "egcs_fo_profiles",
                  "recordId": "@triggerOutputs()?['body/_egcs_fundingopportunity_value']"
                },
                "authentication": "@parameters('$authentication')"
              }
            },
            "Get_Account_associated_to_the_Authenticated_Contact": {
              "runAfter": {
                "Get_Authenticated_Contact_associated_to_the_FC_Profile": [
                  "Succeeded"
                ]
              },
              "type": "OpenApiConnection",
              "inputs": {
                "host": {
                  "connectionName": "shared_commondataserviceforapps",
                  "operationId": "GetItem",
                  "apiId": "/providers/Microsoft.PowerApps/apis/shared_commondataserviceforapps"
                },
                "parameters": {
                  "entityName": "accounts",
                  "recordId": "@outputs('Get_Authenticated_Contact_associated_to_the_FC_Profile')?['body/_egcs_primaryaccount_value']"
                },
                "authentication": "@parameters('$authentication')"
              }
            },
            "Get_Authenticated_Contact_associated_to_the_FC_Profile": {
              "runAfter": {},
              "type": "OpenApiConnection",
              "inputs": {
                "host": {
                  "connectionName": "shared_commondataserviceforapps",
                  "operationId": "GetItem",
                  "apiId": "/providers/Microsoft.PowerApps/apis/shared_commondataserviceforapps"
                },
                "parameters": {
                  "entityName": "contacts",
                  "recordId": "@triggerOutputs()?['body/_egcs_authorizedagent_portal_value']"
                },
                "authentication": "@parameters('$authentication')"
              }
            },
            "Create_a_FC_Required_Documents_for_each_TP_Required_Documents": {
              "foreach": "@outputs('List_all_TP_Required_Documents_associated_to_the_FC''s_Program')?['body/value']",
              "actions": {
                "Create_a_FC_Required_Document": {
                  "runAfter": {},
                  "type": "OpenApiConnection",
                  "inputs": {
                    "host": {
                      "connectionName": "shared_commondataserviceforapps",
                      "operationId": "CreateRecord",
                      "apiId": "/providers/Microsoft.PowerApps/apis/shared_commondataserviceforapps"
                    },
                    "parameters": {
                      "entityName": "egcs_fc_requireddocuments",
                      "item/egcs_name": "@items('Create_a_FC_Required_Documents_for_each_TP_Required_Documents')?['egcs_name']",
                      "item/egcs_dataentrysource": 881990000,
                      "item/egcs_documenttype": "@items('Create_a_FC_Required_Documents_for_each_TP_Required_Documents')?['egcs_documenttype']",
                      "item/egcs_FundingCase@odata.bind": "egcs_fc_profiles/@{triggerOutputs()?['body/egcs_fc_profileid']}",
                      "item/egcs_Program@odata.bind": "egcs_tp_profiles/@{items('Create_a_FC_Required_Documents_for_each_TP_Required_Documents')?['_egcs_program_value']}",
                      "item/egcs_ProgramRequiredDocument@odata.bind": "egcs_tp_requireddocuments/@{items('Create_a_FC_Required_Documents_for_each_TP_Required_Documents')?['egcs_tp_requireddocumentid']}",
                      "item/statecode": 0,
                      "item/statuscode": 881990000
                    },
                    "authentication": "@parameters('$authentication')"
                  }
                }
              },
              "runAfter": {
                "List_all_TP_Required_Documents_associated_to_the_FC's_Program": [
                  "Succeeded"
                ]
              },
              "type": "Foreach"
            },
            "List_all_TP_Required_Documents_associated_to_the_FC's_Program": {
              "runAfter": {
                "Create_FC_Attestation_and_link_it_to_the_FC_Profile_and_more": [
                  "Succeeded"
                ]
              },
              "type": "OpenApiConnection",
              "inputs": {
                "host": {
                  "connectionName": "shared_commondataserviceforapps",
                  "operationId": "ListRecords",
                  "apiId": "/providers/Microsoft.PowerApps/apis/shared_commondataserviceforapps"
                },
                "parameters": {
                  "entityName": "egcs_tp_requireddocuments",
                  "$filter": "_egcs_program_value eq @{outputs('Get_Program_associated_to_the_FO_Profile___')?['body/egcs_tp_profileid']}"
                },
                "authentication": "@parameters('$authentication')"
              }
            }
          },
          "runAfter": {},
          "expression": {
            "and": [
              {
                "equals": [
                  "@triggerOutputs()?['body/egcs_portalapplicationprocess']",
                  881990000
                ]
              },
              {
                "equals": [
                  "@triggerOutputs()?['body/egcs_dataentrysource']",
                  881990000
                ]
              }
            ]
          },
          "type": "If"
        }
      },
      "outputs": {}
    }
  },
  "schemaVersion": "1.0.0.0"
}