{
  "properties": {
    "connectionReferences": {
      "shared_commondataserviceforapps": {
        "impersonation": {},
        "runtimeSource": "embedded",
        "connection": {},
        "api": {
          "name": "shared_commondataserviceforapps"
        }
      }
    },
    "definition": {
      "$schema": "https://schema.management.azure.com/providers/Microsoft.Logic/schemas/2016-06-01/workflowdefinition.json#",
      "contentVersion": "1.0.0.0",
      "parameters": {
        "$connections": {
          "defaultValue": {},
          "type": "Object"
        },
        "$authentication": {
          "defaultValue": {},
          "type": "SecureObject"
        }
      },
      "triggers": {
        "When_a_row_is_added,_modified_or_deleted": {
          "type": "OpenApiConnectionWebhook",
          "inputs": {
            "host": {
              "apiId": "/providers/Microsoft.PowerApps/apis/shared_commondataserviceforapps",
              "connectionName": "shared_commondataserviceforapps",
              "operationId": "SubscribeWebhookTrigger"
            },
            "parameters": {
              "subscriptionRequest/message": 3,
              "subscriptionRequest/entityname": "egcs_fc_requireddocument",
              "subscriptionRequest/scope": 4,
              "subscriptionRequest/name": "7fc5089b-45c2-eb11-bacc-000d3af38731"
            },
            "authentication": "@parameters('$authentication')"
          }
        }
      },
      "actions": {
        "Terminate": {
          "runAfter": {
            "If_Application_Process_equal_to_'New'_and_Data_Entry_Source_equal_'Portal'": [
              "Succeeded"
            ]
          },
          "type": "Terminate",
          "inputs": {
            "runStatus": "Succeeded"
          }
        },
        "If_Application_Process_equal_to_'New'_and_Data_Entry_Source_equal_'Portal'": {
          "actions": {},
          "runAfter": {},
          "expression": {
            "equals": [
              "@triggerOutputs()?['body/egcs_dataentrysource']",
              881990000
            ]
          },
          "type": "If"
        }
      },
      "outputs": {}
    }
  },
  "schemaVersion": "1.0.0.0"
}