<ImportExportXml version="9.2.22041.142" SolutionPackageVersion="9.2" languagecode="1033" generatedBy="CrmLive" xmlns:xsi="http://www.w3.org/2001/XMLSchema-instance">
  <SolutionManifest>
    <UniqueName>EGCSModelDS</UniqueName>
    <LocalizedNames>
      <LocalizedName description="EGCS Model/DS" languagecode="1033" />
    </LocalizedNames>
    <Descriptions>
      <Description description="Contains all entities/components of the EGCS Model INCLUDING Stakeholder and GC Reference" languagecode="1033" />
    </Descriptions>
    <Version>1.1.0.5</Version>
    <Managed>0</Managed>
    <Publisher>
      <UniqueName>EGCS</UniqueName>
      <LocalizedNames>
        <LocalizedName description="Enterprise G&amp;C Solution Platform" languagecode="1033" />
      </LocalizedNames>
      <Descriptions />
      <EMailAddress xsi:nil="true"></EMailAddress>
      <SupportingWebsiteUrl xsi:nil="true"></SupportingWebsiteUrl>
      <CustomizationPrefix>egcs</CustomizationPrefix>
      <CustomizationOptionValuePrefix>88199</CustomizationOptionValuePrefix>
      <Addresses>
        <Address>
          <AddressNumber>1</AddressNumber>
          <AddressTypeCode>1</AddressTypeCode>
          <City xsi:nil="true"></City>
          <County xsi:nil="true"></County>
          <Country xsi:nil="true"></Country>
          <Fax xsi:nil="true"></Fax>
          <FreightTermsCode xsi:nil="true"></FreightTermsCode>
          <ImportSequenceNumber xsi:nil="true"></ImportSequenceNumber>
          <Latitude xsi:nil="true"></Latitude>
          <Line1 xsi:nil="true"></Line1>
          <Line2 xsi:nil="true"></Line2>
          <Line3 xsi:nil="true"></Line3>
          <Longitude xsi:nil="true"></Longitude>
          <Name xsi:nil="true"></Name>
          <PostalCode xsi:nil="true"></PostalCode>
          <PostOfficeBox xsi:nil="true"></PostOfficeBox>
          <PrimaryContactName xsi:nil="true"></PrimaryContactName>
          <ShippingMethodCode>1</ShippingMethodCode>
          <StateOrProvince xsi:nil="true"></StateOrProvince>
          <Telephone1 xsi:nil="true"></Telephone1>
          <Telephone2 xsi:nil="true"></Telephone2>
          <Telephone3 xsi:nil="true"></Telephone3>
          <TimeZoneRuleVersionNumber xsi:nil="true"></TimeZoneRuleVersionNumber>
          <UPSZone xsi:nil="true"></UPSZone>
          <UTCOffset xsi:nil="true"></UTCOffset>
          <UTCConversionTimeZoneCode xsi:nil="true"></UTCConversionTimeZoneCode>
        </Address>
        <Address>
          <AddressNumber>2</AddressNumber>
          <AddressTypeCode>1</AddressTypeCode>
          <City xsi:nil="true"></City>
          <County xsi:nil="true"></County>
          <Country xsi:nil="true"></Country>
          <Fax xsi:nil="true"></Fax>
          <FreightTermsCode xsi:nil="true"></FreightTermsCode>
          <ImportSequenceNumber xsi:nil="true"></ImportSequenceNumber>
          <Latitude xsi:nil="true"></Latitude>
          <Line1 xsi:nil="true"></Line1>
          <Line2 xsi:nil="true"></Line2>
          <Line3 xsi:nil="true"></Line3>
          <Longitude xsi:nil="true"></Longitude>
          <Name xsi:nil="true"></Name>
          <PostalCode xsi:nil="true"></PostalCode>
          <PostOfficeBox xsi:nil="true"></PostOfficeBox>
          <PrimaryContactName xsi:nil="true"></PrimaryContactName>
          <ShippingMethodCode>1</ShippingMethodCode>
          <StateOrProvince xsi:nil="true"></StateOrProvince>
          <Telephone1 xsi:nil="true"></Telephone1>
          <Telephone2 xsi:nil="true"></Telephone2>
          <Telephone3 xsi:nil="true"></Telephone3>
          <TimeZoneRuleVersionNumber xsi:nil="true"></TimeZoneRuleVersionNumber>
          <UPSZone xsi:nil="true"></UPSZone>
          <UTCOffset xsi:nil="true"></UTCOffset>
          <UTCConversionTimeZoneCode xsi:nil="true"></UTCConversionTimeZoneCode>
        </Address>
      </Addresses>
    </Publisher>
    <RootComponents>
      <RootComponent type="1" schemaName="account" behavior="0" />
      <RootComponent type="1" schemaName="contact" behavior="2" />
      <RootComponent type="1" schemaName="egcs_ay_accountrequireddocument" behavior="0" />
      <RootComponent type="1" schemaName="egcs_ay_accountriskcategory" behavior="0" />
      <RootComponent type="1" schemaName="egcs_ay_accountriskelement" behavior="0" />
      <RootComponent type="1" schemaName="egcs_ay_activitytype" behavior="0" />
      <RootComponent type="1" schemaName="egcs_ay_assistancetype" behavior="0" />
      <RootComponent type="1" schemaName="egcs_ay_checklistitem" behavior="0" />
      <RootComponent type="1" schemaName="egcs_ay_checklisttype" behavior="0" />
      <RootComponent type="1" schemaName="egcs_ay_costcategory" behavior="0" />
      <RootComponent type="1" schemaName="egcs_ay_costsubcategory" behavior="0" />
      <RootComponent type="1" schemaName="egcs_ay_eligiblerecipient" behavior="0" />
      <RootComponent type="1" schemaName="egcs_ay_expertise" behavior="0" />
      <RootComponent type="1" schemaName="egcs_ay_financingtype" behavior="0" />
      <RootComponent type="1" schemaName="egcs_ay_fundingcaserequireddocument" behavior="0" />
      <RootComponent type="1" schemaName="egcs_ay_fundingcaseriskcategory" behavior="0" />
      <RootComponent type="1" schemaName="egcs_ay_fundingcaseriskelement" behavior="0" />
      <RootComponent type="1" schemaName="egcs_ay_fundingsourcecategory" behavior="0" />
      <RootComponent type="1" schemaName="egcs_ay_fundingsourcesubcategory" behavior="0" />
      <RootComponent type="1" schemaName="egcs_ay_indicator" behavior="0" />
      <RootComponent type="1" schemaName="egcs_ay_objectivetype" behavior="0" />
      <RootComponent type="1" schemaName="egcs_ay_outcome" behavior="0" />
      <RootComponent type="1" schemaName="egcs_ay_profile" behavior="0" />
      <RootComponent type="1" schemaName="egcs_ay_report" behavior="0" />
      <RootComponent type="1" schemaName="egcs_ay_scopetype" behavior="0" />
      <RootComponent type="1" schemaName="egcs_ay_theme" behavior="0" />
      <RootComponent type="1" schemaName="egcs_fc_activity" behavior="0" />
      <RootComponent type="1" schemaName="egcs_fc_advance" behavior="0" />
      <RootComponent type="1" schemaName="egcs_fc_advanceitem" behavior="0" />
      <RootComponent type="1" schemaName="egcs_fc_advancereview" behavior="0" />
      <RootComponent type="1" schemaName="egcs_fc_advancereviewitem" behavior="0" />
      <RootComponent type="1" schemaName="egcs_fc_budgetcategory" behavior="0" />
      <RootComponent type="1" schemaName="egcs_fc_budgetitem" behavior="0" />
      <RootComponent type="1" schemaName="egcs_fc_budgetsubcategory" behavior="0" />
      <RootComponent type="1" schemaName="egcs_fc_cashflow" behavior="0" />
      <RootComponent type="1" schemaName="egcs_fc_checklist" behavior="0" />
      <RootComponent type="1" schemaName="egcs_fc_checklistitem" behavior="0" />
      <RootComponent type="1" schemaName="egcs_fc_claim" behavior="0" />
      <RootComponent type="1" schemaName="egcs_fc_claimitem" behavior="0" />
      <RootComponent type="1" schemaName="egcs_fc_claimreview" behavior="0" />
      <RootComponent type="1" schemaName="egcs_fc_claimreviewitem" behavior="0" />
      <RootComponent type="1" schemaName="egcs_fc_consultant" behavior="0" />
      <RootComponent type="1" schemaName="egcs_fc_coobligant" behavior="0" />
      <RootComponent type="1" schemaName="egcs_fc_costcategory" behavior="0" />
      <RootComponent type="1" schemaName="egcs_fc_costitem" behavior="0" />
      <RootComponent type="1" schemaName="egcs_fc_costsubcategory" behavior="0" />
      <RootComponent type="1" schemaName="egcs_fc_eligibilitycriterion" behavior="0" />
      <RootComponent type="1" schemaName="egcs_fc_eligiblerecipient" behavior="0" />
      <RootComponent type="1" schemaName="egcs_fc_fundingsourceelement" behavior="0" />
      <RootComponent type="1" schemaName="egcs_fc_indicator" behavior="0" />
      <RootComponent type="1" schemaName="egcs_fc_objective" behavior="0" />
      <RootComponent type="1" schemaName="egcs_fc_outcome" behavior="0" />
      <RootComponent type="1" schemaName="egcs_fc_partner" behavior="0" />
      <RootComponent type="1" schemaName="egcs_fc_payment" behavior="0" />
      <RootComponent type="1" schemaName="egcs_fc_paymentitem" behavior="0" />
      <RootComponent type="1" schemaName="egcs_fc_profile" behavior="0" />
      <RootComponent type="1" schemaName="egcs_fc_report" behavior="0" />
      <RootComponent type="1" schemaName="egcs_fc_requireddocument" behavior="0" />
      <RootComponent type="1" schemaName="egcs_fc_riskcategory" behavior="0" />
      <RootComponent type="1" schemaName="egcs_fc_riskelement" behavior="0" />
      <RootComponent type="1" schemaName="egcs_fc_riskmitigationplan" behavior="0" />
      <RootComponent type="1" schemaName="egcs_fc_scoredcriterion" behavior="0" />
      <RootComponent type="1" schemaName="egcs_fc_theme" behavior="0" />
      <RootComponent type="1" schemaName="egcs_fo_adjudication" behavior="0" />
      <RootComponent type="1" schemaName="egcs_fo_announcementelement" behavior="0" />
      <RootComponent type="1" schemaName="egcs_fo_committee" behavior="0" />
      <RootComponent type="1" schemaName="egcs_fo_committeemember" behavior="0" />
      <RootComponent type="1" schemaName="egcs_fo_fcadjudication" behavior="0" />
      <RootComponent type="1" schemaName="egcs_fo_profile" behavior="0" />
      <RootComponent type="1" schemaName="egcs_gc_address" behavior="0" />
      <RootComponent type="1" schemaName="egcs_gc_addresscity" behavior="0" />
      <RootComponent type="1" schemaName="egcs_gc_addresscountry" behavior="0" />
      <RootComponent type="1" schemaName="egcs_gc_addressgeocode" behavior="0" />
      <RootComponent type="1" schemaName="egcs_gc_addresssubdivision" behavior="0" />
      <RootComponent type="1" schemaName="egcs_gc_fiscalperiod" behavior="0" />
      <RootComponent type="1" schemaName="egcs_gc_fiscalyear" behavior="0" />
      <RootComponent type="1" schemaName="egcs_gc_naics" behavior="0" />
      <RootComponent type="1" schemaName="egcs_sg_client" behavior="0" />
      <RootComponent type="1" schemaName="egcs_sh_accountgroupmembership" behavior="0" />
      <RootComponent type="1" schemaName="egcs_sh_accountgrouptype" behavior="0" />
      <RootComponent type="1" schemaName="egcs_sh_accountincorporation" behavior="0" />
      <RootComponent type="1" schemaName="egcs_sh_affiliation" behavior="0" />
      <RootComponent type="1" schemaName="egcs_sh_affiliationaccount" behavior="0" />
      <RootComponent type="1" schemaName="egcs_sh_affiliationparty" behavior="0" />
      <RootComponent type="1" schemaName="egcs_sh_businessstructure" behavior="0" />
      <RootComponent type="1" schemaName="egcs_sh_contactgroupmembership" behavior="0" />
      <RootComponent type="1" schemaName="egcs_sh_contactgrouptype" behavior="0" />
      <RootComponent type="1" schemaName="egcs_sh_jurisdiction" behavior="0" />
      <RootComponent type="1" schemaName="egcs_sh_legalstate" behavior="0" />
      <RootComponent type="1" schemaName="egcs_sh_memberaccountgroup" behavior="0" />
      <RootComponent type="1" schemaName="egcs_sh_membercontactgroup" behavior="0" />
      <RootComponent type="1" schemaName="egcs_sh_requireddocument" behavior="0" />
      <RootComponent type="1" schemaName="egcs_sh_role" behavior="0" />
      <RootComponent type="1" schemaName="egcs_sh_tagaccountgroup" behavior="0" />
      <RootComponent type="1" schemaName="egcs_sh_tagaccountgrouptype" behavior="0" />
      <RootComponent type="1" schemaName="egcs_sh_tagcontactgroup" behavior="0" />
      <RootComponent type="1" schemaName="egcs_sh_tagcontactgrouptype" behavior="0" />
      <RootComponent type="1" schemaName="egcs_tp_activitytype" behavior="0" />
      <RootComponent type="1" schemaName="egcs_tp_assistancetype" behavior="0" />
      <RootComponent type="1" schemaName="egcs_tp_budgetfiscalyear" behavior="0" />
      <RootComponent type="1" schemaName="egcs_tp_checklist" behavior="0" />
      <RootComponent type="1" schemaName="egcs_tp_checklistitem" behavior="0" />
      <RootComponent type="1" schemaName="egcs_tp_costcategory" behavior="0" />
      <RootComponent type="1" schemaName="egcs_tp_costsubcategory" behavior="0" />
      <RootComponent type="1" schemaName="egcs_tp_eligibilitycriterion" behavior="0" />
      <RootComponent type="1" schemaName="egcs_tp_eligiblerecipient" behavior="0" />
      <RootComponent type="1" schemaName="egcs_tp_indicator" behavior="0" />
      <RootComponent type="1" schemaName="egcs_tp_objectivetype" behavior="0" />
      <RootComponent type="1" schemaName="egcs_tp_outcome" behavior="0" />
      <RootComponent type="1" schemaName="egcs_tp_profile" behavior="0" />
      <RootComponent type="1" schemaName="egcs_tp_report" behavior="0" />
      <RootComponent type="1" schemaName="egcs_tp_requireddocument" behavior="0" />
      <RootComponent type="1" schemaName="egcs_tp_riskcategory" behavior="0" />
      <RootComponent type="1" schemaName="egcs_tp_riskelement" behavior="0" />
      <RootComponent type="1" schemaName="egcs_tp_riskrating" behavior="0" />
      <RootComponent type="1" schemaName="egcs_tp_scopetype" behavior="0" />
      <RootComponent type="1" schemaName="egcs_tp_scoredcriterion" behavior="0" />
      <RootComponent type="1" schemaName="egcs_tp_theme" behavior="0" />
      <RootComponent type="9" schemaName="egcs_accountdocumenttype" behavior="0" />
      <RootComponent type="9" schemaName="egcs_checklisttype" behavior="0" />
      <RootComponent type="9" schemaName="egcs_fundingcasedocumenttype" behavior="0" />
      <RootComponent type="9" schemaName="egcs_inputsource" behavior="0" />
      <RootComponent type="9" schemaName="egcs_language" behavior="0" />
      <RootComponent type="9" schemaName="egcs_paymenttype" behavior="0" />
      <RootComponent type="9" schemaName="egcs_portalprocess" behavior="0" />
      <RootComponent type="9" schemaName="egcs_riskimpact" behavior="0" />
      <RootComponent type="9" schemaName="egcs_risklevel" behavior="0" />
      <RootComponent type="9" schemaName="egcs_risklikelihood" behavior="0" />
      <RootComponent type="9" schemaName="egcs_valuetype" behavior="0" />
      <RootComponent type="9" schemaName="egcs_yesnonotidentified" behavior="0" />
    </RootComponents>
    <MissingDependencies>
      <MissingDependency>
        <Required type="66" schemaName="MscrmControls.Grid.GridControl" displayName="MscrmControls.Grid.GridControl" solution="BaseCustomControlsCore (9.0.2203.4013)" />
        <Dependent type="68" id="{0378ebf5-df4c-4639-89f1-35864fe0616d}" />
      </MissingDependency>
      <MissingDependency>
        <Required type="66" schemaName="MscrmControls.Grid.GridControl" displayName="MscrmControls.Grid.GridControl" solution="BaseCustomControlsCore (9.0.2203.4013)" />
        <Dependent type="68" id="{04837a67-7949-42e3-88a2-0fbbf104650d}" />
      </MissingDependency>
      <MissingDependency>
        <Required type="66" schemaName="MscrmControls.Grid.GridControl" displayName="MscrmControls.Grid.GridControl" solution="BaseCustomControlsCore (9.0.2203.4013)" />
        <Dependent type="68" id="{04dba1d8-48ff-4e44-8d64-f8a52996cd47}" />
      </MissingDependency>
      <MissingDependency>
        <Required type="66" schemaName="MscrmControls.Grid.GridControl" displayName="MscrmControls.Grid.GridControl" solution="BaseCustomControlsCore (9.0.2203.4013)" />
        <Dependent type="68" id="{051f2d74-246a-499e-9228-198c60b79e1a}" />
      </MissingDependency>
      <MissingDependency>
        <Required type="66" schemaName="MscrmControls.Grid.GridControl" displayName="MscrmControls.Grid.GridControl" solution="BaseCustomControlsCore (9.0.2203.4013)" />
        <Dependent type="68" id="{07578bc5-e447-4937-9f57-5692e8ac5cda}" />
      </MissingDependency>
      <MissingDependency>
        <Required type="66" schemaName="MscrmControls.Grid.GridControl" displayName="MscrmControls.Grid.GridControl" solution="BaseCustomControlsCore (9.0.2203.4013)" />
        <Dependent type="68" id="{0aba719e-cdad-4266-bf8d-f564da2c850e}" />
      </MissingDependency>
      <MissingDependency>
        <Required type="66" schemaName="MscrmControls.Grid.GridControl" displayName="MscrmControls.Grid.GridControl" solution="BaseCustomControlsCore (9.0.2203.4013)" />
        <Dependent type="68" id="{0fa282c9-05c4-48cf-9463-2f68db4ad8de}" />
      </MissingDependency>
      <MissingDependency>
        <Required type="66" schemaName="MscrmControls.Grid.GridControl" displayName="MscrmControls.Grid.GridControl" solution="BaseCustomControlsCore (9.0.2203.4013)" />
        <Dependent type="68" id="{130abcf0-9465-4091-9978-e03f83f25156}" />
      </MissingDependency>
      <MissingDependency>
        <Required type="66" schemaName="MscrmControls.Grid.GridControl" displayName="MscrmControls.Grid.GridControl" solution="BaseCustomControlsCore (9.0.2203.4013)" />
        <Dependent type="68" id="{15674bd5-262d-4ebf-b922-7eb34f50b8f4}" />
      </MissingDependency>
      <MissingDependency>
        <Required type="66" schemaName="MscrmControls.Grid.GridControl" displayName="MscrmControls.Grid.GridControl" solution="BaseCustomControlsCore (9.0.2203.4013)" />
        <Dependent type="68" id="{18efc161-89c4-4e1f-b61c-99cb1305e1df}" />
      </MissingDependency>
      <MissingDependency>
        <Required type="66" schemaName="MscrmControls.Grid.GridControl" displayName="MscrmControls.Grid.GridControl" solution="BaseCustomControlsCore (9.0.2203.4013)" />
        <Dependent type="68" id="{1c2cf82e-2921-43e3-a524-8561db2f3973}" />
      </MissingDependency>
      <MissingDependency>
        <Required type="66" schemaName="MscrmControls.Grid.GridControl" displayName="MscrmControls.Grid.GridControl" solution="BaseCustomControlsCore (9.0.2203.4013)" />
        <Dependent type="68" id="{1e11120c-a165-4a58-a45b-b811dee83a92}" />
      </MissingDependency>
      <MissingDependency>
        <Required type="66" schemaName="MscrmControls.Grid.GridControl" displayName="MscrmControls.Grid.GridControl" solution="BaseCustomControlsCore (9.0.2203.4013)" />
        <Dependent type="68" id="{23a2b6c1-6ed0-4930-8ff9-fa94e5186357}" />
      </MissingDependency>
      <MissingDependency>
        <Required type="66" schemaName="MscrmControls.Grid.GridControl" displayName="MscrmControls.Grid.GridControl" solution="BaseCustomControlsCore (9.0.2203.4013)" />
        <Dependent type="68" id="{2a6ef311-9b67-4985-97dd-a8a9ec5b189b}" />
      </MissingDependency>
      <MissingDependency>
        <Required type="66" schemaName="MscrmControls.Grid.GridControl" displayName="MscrmControls.Grid.GridControl" solution="BaseCustomControlsCore (9.0.2203.4013)" />
        <Dependent type="68" id="{2acea392-4ce4-424e-a67f-7a82162ce1b3}" />
      </MissingDependency>
      <MissingDependency>
        <Required type="66" schemaName="MscrmControls.Grid.GridControl" displayName="MscrmControls.Grid.GridControl" solution="BaseCustomControlsCore (9.0.2203.4013)" />
        <Dependent type="68" id="{2f795a21-347e-4517-97ee-1a407968c808}" />
      </MissingDependency>
      <MissingDependency>
        <Required type="66" schemaName="MscrmControls.Grid.GridControl" displayName="MscrmControls.Grid.GridControl" solution="BaseCustomControlsCore (9.0.2203.4013)" />
        <Dependent type="68" id="{3399c3da-56fe-4d9f-94b1-06ad830ba58d}" />
      </MissingDependency>
      <MissingDependency>
        <Required type="66" schemaName="MscrmControls.Grid.GridControl" displayName="MscrmControls.Grid.GridControl" solution="BaseCustomControlsCore (9.0.2203.4013)" />
        <Dependent type="68" id="{348c2c7d-5e53-49ec-8cc2-23ac142e106a}" />
      </MissingDependency>
      <MissingDependency>
        <Required type="66" schemaName="MscrmControls.Grid.GridControl" displayName="MscrmControls.Grid.GridControl" solution="BaseCustomControlsCore (9.0.2203.4013)" />
        <Dependent type="68" id="{37a1fea6-bb4e-41f0-9e98-03712723cf94}" />
      </MissingDependency>
      <MissingDependency>
        <Required type="66" schemaName="MscrmControls.Grid.GridControl" displayName="MscrmControls.Grid.GridControl" solution="BaseCustomControlsCore (9.0.2203.4013)" />
        <Dependent type="68" id="{3956eca9-9d50-4707-bdb5-b4e43d98b3f9}" />
      </MissingDependency>
      <MissingDependency>
        <Required type="66" schemaName="MscrmControls.Grid.GridControl" displayName="MscrmControls.Grid.GridControl" solution="BaseCustomControlsCore (9.0.2203.4013)" />
        <Dependent type="68" id="{3ac8b46d-85ec-4cf6-b07d-c94dc5971b8c}" />
      </MissingDependency>
      <MissingDependency>
        <Required type="66" schemaName="MscrmControls.Grid.GridControl" displayName="MscrmControls.Grid.GridControl" solution="BaseCustomControlsCore (9.0.2203.4013)" />
        <Dependent type="68" id="{41005c45-8699-4cba-804a-5cd443b93a71}" />
      </MissingDependency>
      <MissingDependency>
        <Required type="66" schemaName="MscrmControls.Grid.GridControl" displayName="MscrmControls.Grid.GridControl" solution="BaseCustomControlsCore (9.0.2203.4013)" />
        <Dependent type="68" id="{4372c6c4-36c0-4b04-a51a-a41ad9f6330e}" />
      </MissingDependency>
      <MissingDependency>
        <Required type="66" schemaName="MscrmControls.Grid.GridControl" displayName="MscrmControls.Grid.GridControl" solution="BaseCustomControlsCore (9.0.2203.4013)" />
        <Dependent type="68" id="{450bd48e-3225-4ffa-92cd-60078abd5c21}" />
      </MissingDependency>
      <MissingDependency>
        <Required type="66" schemaName="MscrmControls.Grid.GridControl" displayName="MscrmControls.Grid.GridControl" solution="BaseCustomControlsCore (9.0.2203.4013)" />
        <Dependent type="68" id="{459d43b4-e1d1-4100-9928-6484a80ba5ad}" />
      </MissingDependency>
      <MissingDependency>
        <Required type="66" schemaName="MscrmControls.Grid.GridControl" displayName="MscrmControls.Grid.GridControl" solution="BaseCustomControlsCore (9.0.2203.4013)" />
        <Dependent type="68" id="{46267d39-8db3-428e-a975-7d2bc06a40fe}" />
      </MissingDependency>
      <MissingDependency>
        <Required type="66" schemaName="MscrmControls.Grid.GridControl" displayName="MscrmControls.Grid.GridControl" solution="BaseCustomControlsCore (9.0.2203.4013)" />
        <Dependent type="68" id="{4a319968-7e0e-4c8f-b356-2df80238f803}" />
      </MissingDependency>
      <MissingDependency>
        <Required type="66" schemaName="MscrmControls.Grid.GridControl" displayName="MscrmControls.Grid.GridControl" solution="BaseCustomControlsCore (9.0.2203.4013)" />
        <Dependent type="68" id="{4b9ddd02-ceb6-4ecd-bee1-983b0af274f3}" />
      </MissingDependency>
      <MissingDependency>
        <Required type="66" schemaName="MscrmControls.Grid.GridControl" displayName="MscrmControls.Grid.GridControl" solution="BaseCustomControlsCore (9.0.2203.4013)" />
        <Dependent type="68" id="{54523677-eba0-4182-b002-0781ab084772}" />
      </MissingDependency>
      <MissingDependency>
        <Required type="66" schemaName="MscrmControls.Grid.GridControl" displayName="MscrmControls.Grid.GridControl" solution="BaseCustomControlsCore (9.0.2203.4013)" />
        <Dependent type="68" id="{54d51039-4cfb-49b7-be5c-d4bcdc982996}" />
      </MissingDependency>
      <MissingDependency>
        <Required type="66" schemaName="MscrmControls.Grid.GridControl" displayName="MscrmControls.Grid.GridControl" solution="BaseCustomControlsCore (9.0.2203.4013)" />
        <Dependent type="68" id="{56869af3-cfc8-4dae-b18e-4d0f8596b583}" />
      </MissingDependency>
      <MissingDependency>
        <Required type="66" schemaName="MscrmControls.Grid.GridControl" displayName="MscrmControls.Grid.GridControl" solution="BaseCustomControlsCore (9.0.2203.4013)" />
        <Dependent type="68" id="{581ad831-33c4-4af3-b8b8-0be1dfffade8}" />
      </MissingDependency>
      <MissingDependency>
        <Required type="66" schemaName="MscrmControls.Grid.GridControl" displayName="MscrmControls.Grid.GridControl" solution="BaseCustomControlsCore (9.0.2203.4013)" />
        <Dependent type="68" id="{5ce355da-6f35-41f2-af01-b4ac1f406f16}" />
      </MissingDependency>
      <MissingDependency>
        <Required type="66" schemaName="MscrmControls.Grid.GridControl" displayName="MscrmControls.Grid.GridControl" solution="BaseCustomControlsCore (9.0.2203.4013)" />
        <Dependent type="68" id="{5ecf272c-7a63-4f0e-952b-7042b22433b6}" />
      </MissingDependency>
      <MissingDependency>
        <Required type="66" schemaName="MscrmControls.Grid.GridControl" displayName="MscrmControls.Grid.GridControl" solution="BaseCustomControlsCore (9.0.2203.4013)" />
        <Dependent type="68" id="{603fc2d7-a2c8-4fbe-b46d-e734b1061c9e}" />
      </MissingDependency>
      <MissingDependency>
        <Required type="66" schemaName="MscrmControls.Grid.GridControl" displayName="MscrmControls.Grid.GridControl" solution="BaseCustomControlsCore (9.0.2203.4013)" />
        <Dependent type="68" id="{62b3bca6-0b00-45cf-8ea9-0c3273fd8f15}" />
      </MissingDependency>
      <MissingDependency>
        <Required type="66" schemaName="MscrmControls.Grid.GridControl" displayName="MscrmControls.Grid.GridControl" solution="BaseCustomControlsCore (9.0.2203.4013)" />
        <Dependent type="68" id="{635acd33-a123-4aa0-af47-a082cb4e9193}" />
      </MissingDependency>
      <MissingDependency>
        <Required type="66" schemaName="MscrmControls.Grid.GridControl" displayName="MscrmControls.Grid.GridControl" solution="BaseCustomControlsCore (9.0.2203.4013)" />
        <Dependent type="68" id="{63b3ec5b-9557-4940-b07b-a00dbbc70cfb}" />
      </MissingDependency>
      <MissingDependency>
        <Required type="66" schemaName="MscrmControls.Grid.GridControl" displayName="MscrmControls.Grid.GridControl" solution="BaseCustomControlsCore (9.0.2203.4013)" />
        <Dependent type="68" id="{6752441a-5e49-42d4-a50d-16a353038ea8}" />
      </MissingDependency>
      <MissingDependency>
        <Required type="66" schemaName="MscrmControls.Grid.GridControl" displayName="MscrmControls.Grid.GridControl" solution="BaseCustomControlsCore (9.0.2203.4013)" />
        <Dependent type="68" id="{6a57f7da-20e6-4e52-a60b-59a7467a84c7}" />
      </MissingDependency>
      <MissingDependency>
        <Required type="66" schemaName="MscrmControls.Grid.GridControl" displayName="MscrmControls.Grid.GridControl" solution="BaseCustomControlsCore (9.0.2203.4013)" />
        <Dependent type="68" id="{6bad3a54-255c-4849-9836-d42a21ef5850}" />
      </MissingDependency>
      <MissingDependency>
        <Required type="66" schemaName="MscrmControls.Grid.GridControl" displayName="MscrmControls.Grid.GridControl" solution="BaseCustomControlsCore (9.0.2203.4013)" />
        <Dependent type="68" id="{6ef1ee8d-ea74-4a38-99ef-b84cc6ef7c53}" />
      </MissingDependency>
      <MissingDependency>
        <Required type="66" schemaName="MscrmControls.Grid.GridControl" displayName="MscrmControls.Grid.GridControl" solution="BaseCustomControlsCore (9.0.2203.4013)" />
        <Dependent type="68" id="{72602a5f-05c2-4a04-8cb6-851160cbd4cb}" />
      </MissingDependency>
      <MissingDependency>
        <Required type="66" schemaName="MscrmControls.Grid.GridControl" displayName="MscrmControls.Grid.GridControl" solution="BaseCustomControlsCore (9.0.2203.4013)" />
        <Dependent type="68" id="{72db7fcd-b749-4d37-991a-10e30be666ac}" />
      </MissingDependency>
      <MissingDependency>
        <Required type="66" schemaName="MscrmControls.Grid.GridControl" displayName="MscrmControls.Grid.GridControl" solution="BaseCustomControlsCore (9.0.2203.4013)" />
        <Dependent type="68" id="{73b9b579-b9cf-46a9-83b9-9c642a1d0f48}" />
      </MissingDependency>
      <MissingDependency>
        <Required type="66" schemaName="MscrmControls.Grid.GridControl" displayName="MscrmControls.Grid.GridControl" solution="BaseCustomControlsCore (9.0.2203.4013)" />
        <Dependent type="68" id="{76685951-c1e4-44b3-938c-896bc860515a}" />
      </MissingDependency>
      <MissingDependency>
        <Required type="66" schemaName="MscrmControls.Grid.GridControl" displayName="MscrmControls.Grid.GridControl" solution="BaseCustomControlsCore (9.0.2203.4013)" />
        <Dependent type="68" id="{77835f66-b11e-4cf4-963a-68f70105e0a1}" />
      </MissingDependency>
      <MissingDependency>
        <Required type="66" schemaName="MscrmControls.Grid.GridControl" displayName="MscrmControls.Grid.GridControl" solution="BaseCustomControlsCore (9.0.2203.4013)" />
        <Dependent type="68" id="{77c96ee0-43cd-4671-b1d5-36a6c74fa80b}" />
      </MissingDependency>
      <MissingDependency>
        <Required type="66" schemaName="MscrmControls.Grid.GridControl" displayName="MscrmControls.Grid.GridControl" solution="BaseCustomControlsCore (9.0.2203.4013)" />
        <Dependent type="68" id="{77f9a7f8-c522-4cc8-9963-c833c30b8da5}" />
      </MissingDependency>
      <MissingDependency>
        <Required type="66" schemaName="MscrmControls.Grid.GridControl" displayName="MscrmControls.Grid.GridControl" solution="BaseCustomControlsCore (9.0.2203.4013)" />
        <Dependent type="68" id="{7df8c684-157f-4f10-9e5c-72c8e3ff39e1}" />
      </MissingDependency>
      <MissingDependency>
        <Required type="66" schemaName="MscrmControls.Grid.GridControl" displayName="MscrmControls.Grid.GridControl" solution="BaseCustomControlsCore (9.0.2203.4013)" />
        <Dependent type="68" id="{7e2e0bb5-7a84-4b45-b543-39e665bf9415}" />
      </MissingDependency>
      <MissingDependency>
        <Required type="66" schemaName="MscrmControls.Grid.GridControl" displayName="MscrmControls.Grid.GridControl" solution="BaseCustomControlsCore (9.0.2203.4013)" />
        <Dependent type="68" id="{7faa4b2f-99c7-440c-85cc-ed32c126eae3}" />
      </MissingDependency>
      <MissingDependency>
        <Required type="66" schemaName="MscrmControls.Grid.GridControl" displayName="MscrmControls.Grid.GridControl" solution="BaseCustomControlsCore (9.0.2203.4013)" />
        <Dependent type="68" id="{869deed7-cd84-4dd4-9e44-8e495af7cd1f}" />
      </MissingDependency>
      <MissingDependency>
        <Required type="66" schemaName="MscrmControls.Grid.GridControl" displayName="MscrmControls.Grid.GridControl" solution="BaseCustomControlsCore (9.0.2203.4013)" />
        <Dependent type="68" id="{8b6d08f9-8311-4d76-99c3-e82bff4dec8a}" />
      </MissingDependency>
      <MissingDependency>
        <Required type="66" schemaName="MscrmControls.Grid.GridControl" displayName="MscrmControls.Grid.GridControl" solution="BaseCustomControlsCore (9.0.2203.4013)" />
        <Dependent type="68" id="{8da66045-c321-4aa5-8191-15276d6b766d}" />
      </MissingDependency>
      <MissingDependency>
        <Required type="66" schemaName="MscrmControls.Grid.GridControl" displayName="MscrmControls.Grid.GridControl" solution="BaseCustomControlsCore (9.0.2203.4013)" />
        <Dependent type="68" id="{901c4d7c-b715-4d9c-b1e1-c46f13ea8271}" />
      </MissingDependency>
      <MissingDependency>
        <Required type="66" schemaName="MscrmControls.Grid.GridControl" displayName="MscrmControls.Grid.GridControl" solution="BaseCustomControlsCore (9.0.2203.4013)" />
        <Dependent type="68" id="{93794b04-0204-484e-9379-d5f100f2525c}" />
      </MissingDependency>
      <MissingDependency>
        <Required type="66" schemaName="MscrmControls.Grid.GridControl" displayName="MscrmControls.Grid.GridControl" solution="BaseCustomControlsCore (9.0.2203.4013)" />
        <Dependent type="68" id="{948968c9-72e3-4ff3-a2d6-63d43e56ae90}" />
      </MissingDependency>
      <MissingDependency>
        <Required type="66" schemaName="MscrmControls.Grid.GridControl" displayName="MscrmControls.Grid.GridControl" solution="BaseCustomControlsCore (9.0.2203.4013)" />
        <Dependent type="68" id="{9cb982e5-0480-4ba1-b6e0-df6d1bcbebff}" />
      </MissingDependency>
      <MissingDependency>
        <Required type="66" schemaName="MscrmControls.Grid.GridControl" displayName="MscrmControls.Grid.GridControl" solution="BaseCustomControlsCore (9.0.2203.4013)" />
        <Dependent type="68" id="{9ccaf4da-b5d5-45ed-baa8-eba78e5a7d26}" />
      </MissingDependency>
      <MissingDependency>
        <Required type="66" schemaName="MscrmControls.Grid.GridControl" displayName="MscrmControls.Grid.GridControl" solution="BaseCustomControlsCore (9.0.2203.4013)" />
        <Dependent type="68" id="{9e347c5f-e411-4417-96d6-1203680bebec}" />
      </MissingDependency>
      <MissingDependency>
        <Required type="66" schemaName="MscrmControls.Grid.GridControl" displayName="MscrmControls.Grid.GridControl" solution="BaseCustomControlsCore (9.0.2203.4013)" />
        <Dependent type="68" id="{a0bab6fa-e287-41f8-8608-ad9f0e55794d}" />
      </MissingDependency>
      <MissingDependency>
        <Required type="66" schemaName="MscrmControls.Grid.GridControl" displayName="MscrmControls.Grid.GridControl" solution="BaseCustomControlsCore (9.0.2203.4013)" />
        <Dependent type="68" id="{a35d8255-2557-4ccb-bf43-497e8651b21b}" />
      </MissingDependency>
      <MissingDependency>
        <Required type="66" schemaName="MscrmControls.Grid.GridControl" displayName="MscrmControls.Grid.GridControl" solution="BaseCustomControlsCore (9.0.2203.4013)" />
        <Dependent type="68" id="{a6472199-46c2-4f80-995f-baf0ef210565}" />
      </MissingDependency>
      <MissingDependency>
        <Required type="66" schemaName="MscrmControls.Grid.GridControl" displayName="MscrmControls.Grid.GridControl" solution="BaseCustomControlsCore (9.0.2203.4013)" />
        <Dependent type="68" id="{aac9572c-c8b5-449c-8e4f-b8f4ca0cdb77}" />
      </MissingDependency>
      <MissingDependency>
        <Required type="66" schemaName="MscrmControls.Grid.GridControl" displayName="MscrmControls.Grid.GridControl" solution="BaseCustomControlsCore (9.0.2203.4013)" />
        <Dependent type="68" id="{ab30a5fb-0a6a-4bd2-8f85-220f3270b532}" />
      </MissingDependency>
      <MissingDependency>
        <Required type="66" schemaName="MscrmControls.Grid.GridControl" displayName="MscrmControls.Grid.GridControl" solution="BaseCustomControlsCore (9.0.2203.4013)" />
        <Dependent type="68" id="{ab8544b0-d5e4-4e90-8690-b3abd2b7acdf}" />
      </MissingDependency>
      <MissingDependency>
        <Required type="66" schemaName="MscrmControls.Grid.GridControl" displayName="MscrmControls.Grid.GridControl" solution="BaseCustomControlsCore (9.0.2203.4013)" />
        <Dependent type="68" id="{ac2ba557-54a3-4db5-92bf-eae766dacf90}" />
      </MissingDependency>
      <MissingDependency>
        <Required type="66" schemaName="MscrmControls.Grid.GridControl" displayName="MscrmControls.Grid.GridControl" solution="BaseCustomControlsCore (9.0.2203.4013)" />
        <Dependent type="68" id="{aff6baea-d3d1-4337-8036-8cb17f7e4aa3}" />
      </MissingDependency>
      <MissingDependency>
        <Required type="66" schemaName="MscrmControls.Grid.GridControl" displayName="MscrmControls.Grid.GridControl" solution="BaseCustomControlsCore (9.0.2203.4013)" />
        <Dependent type="68" id="{b07d1c8d-7419-4ce5-a165-4f40cc8fcf8f}" />
      </MissingDependency>
      <MissingDependency>
        <Required type="66" schemaName="MscrmControls.Grid.GridControl" displayName="MscrmControls.Grid.GridControl" solution="BaseCustomControlsCore (9.0.2203.4013)" />
        <Dependent type="68" id="{b1d7ddf8-efab-4b74-a37b-35bfec071d82}" />
      </MissingDependency>
      <MissingDependency>
        <Required type="66" schemaName="MscrmControls.Grid.GridControl" displayName="MscrmControls.Grid.GridControl" solution="BaseCustomControlsCore (9.0.2203.4013)" />
        <Dependent type="68" id="{b45c1401-8a5b-4a03-a6cd-6604372b92f2}" />
      </MissingDependency>
      <MissingDependency>
        <Required type="66" schemaName="MscrmControls.Grid.GridControl" displayName="MscrmControls.Grid.GridControl" solution="BaseCustomControlsCore (9.0.2203.4013)" />
        <Dependent type="68" id="{b7982df3-9f71-48ca-b964-5aa9c05da842}" />
      </MissingDependency>
      <MissingDependency>
        <Required type="66" schemaName="MscrmControls.Grid.GridControl" displayName="MscrmControls.Grid.GridControl" solution="BaseCustomControlsCore (9.0.2203.4013)" />
        <Dependent type="68" id="{b92ad968-c677-4eeb-8c1c-83c62e452fca}" />
      </MissingDependency>
      <MissingDependency>
        <Required type="66" schemaName="MscrmControls.Grid.GridControl" displayName="MscrmControls.Grid.GridControl" solution="BaseCustomControlsCore (9.0.2203.4013)" />
        <Dependent type="68" id="{bc0f84e5-8423-428b-b3e3-eb9f2ec9c3ed}" />
      </MissingDependency>
      <MissingDependency>
        <Required type="66" schemaName="MscrmControls.Grid.GridControl" displayName="MscrmControls.Grid.GridControl" solution="BaseCustomControlsCore (9.0.2203.4013)" />
        <Dependent type="68" id="{bed40dd7-6fec-47d8-86b0-a917e1f2c472}" />
      </MissingDependency>
      <MissingDependency>
        <Required type="66" schemaName="MscrmControls.Grid.GridControl" displayName="MscrmControls.Grid.GridControl" solution="BaseCustomControlsCore (9.0.2203.4013)" />
        <Dependent type="68" id="{bf7600c9-4654-4c2b-8c0b-c2679d678dfb}" />
      </MissingDependency>
      <MissingDependency>
        <Required type="66" schemaName="MscrmControls.Grid.GridControl" displayName="MscrmControls.Grid.GridControl" solution="BaseCustomControlsCore (9.0.2203.4013)" />
        <Dependent type="68" id="{c172aa2e-c454-4ac4-b7f1-2d7d548db9ee}" />
      </MissingDependency>
      <MissingDependency>
        <Required type="66" schemaName="MscrmControls.Grid.GridControl" displayName="MscrmControls.Grid.GridControl" solution="BaseCustomControlsCore (9.0.2203.4013)" />
        <Dependent type="68" id="{c58675d0-c08f-4af9-8c80-d60a4020e167}" />
      </MissingDependency>
      <MissingDependency>
        <Required type="66" schemaName="MscrmControls.Grid.GridControl" displayName="MscrmControls.Grid.GridControl" solution="BaseCustomControlsCore (9.0.2203.4013)" />
        <Dependent type="68" id="{c6d16575-128a-471e-ab54-a45712996033}" />
      </MissingDependency>
      <MissingDependency>
        <Required type="66" schemaName="MscrmControls.Grid.GridControl" displayName="MscrmControls.Grid.GridControl" solution="BaseCustomControlsCore (9.0.2203.4013)" />
        <Dependent type="68" id="{c7c11120-bd8a-4615-b4f0-faf76836f987}" />
      </MissingDependency>
      <MissingDependency>
        <Required type="66" schemaName="MscrmControls.Grid.GridControl" displayName="MscrmControls.Grid.GridControl" solution="BaseCustomControlsCore (9.0.2203.4013)" />
        <Dependent type="68" id="{c9f36625-ace8-4a1f-90ea-3482acd69fae}" />
      </MissingDependency>
      <MissingDependency>
        <Required type="66" schemaName="MscrmControls.Grid.GridControl" displayName="MscrmControls.Grid.GridControl" solution="BaseCustomControlsCore (9.0.2203.4013)" />
        <Dependent type="68" id="{cc36241b-cf4c-4b8c-9e94-a8eff3ab5584}" />
      </MissingDependency>
      <MissingDependency>
        <Required type="66" schemaName="MscrmControls.Grid.GridControl" displayName="MscrmControls.Grid.GridControl" solution="BaseCustomControlsCore (9.0.2203.4013)" />
        <Dependent type="68" id="{cd881237-6bba-46e8-8e2f-ec3bb3c527d2}" />
      </MissingDependency>
      <MissingDependency>
        <Required type="66" schemaName="MscrmControls.Grid.GridControl" displayName="MscrmControls.Grid.GridControl" solution="BaseCustomControlsCore (9.0.2203.4013)" />
        <Dependent type="68" id="{cf3b4326-465b-4b7c-922f-ea8fc05f1dc4}" />
      </MissingDependency>
      <MissingDependency>
        <Required type="66" schemaName="MscrmControls.Grid.GridControl" displayName="MscrmControls.Grid.GridControl" solution="BaseCustomControlsCore (9.0.2203.4013)" />
        <Dependent type="68" id="{cf852dda-9169-4345-b7ca-62c553e3392a}" />
      </MissingDependency>
      <MissingDependency>
        <Required type="66" schemaName="MscrmControls.Grid.GridControl" displayName="MscrmControls.Grid.GridControl" solution="BaseCustomControlsCore (9.0.2203.4013)" />
        <Dependent type="68" id="{d0e32c43-52bc-4e98-997e-3dead393b448}" />
      </MissingDependency>
      <MissingDependency>
        <Required type="66" schemaName="MscrmControls.Grid.GridControl" displayName="MscrmControls.Grid.GridControl" solution="BaseCustomControlsCore (9.0.2203.4013)" />
        <Dependent type="68" id="{d15db4d2-1b29-4f45-a7f3-14e9dd6eeaca}" />
      </MissingDependency>
      <MissingDependency>
        <Required type="66" schemaName="MscrmControls.Grid.GridControl" displayName="MscrmControls.Grid.GridControl" solution="BaseCustomControlsCore (9.0.2203.4013)" />
        <Dependent type="68" id="{d4f89c45-513f-4625-9ce4-0120060534b9}" />
      </MissingDependency>
      <MissingDependency>
        <Required type="66" schemaName="MscrmControls.Grid.GridControl" displayName="MscrmControls.Grid.GridControl" solution="BaseCustomControlsCore (9.0.2203.4013)" />
        <Dependent type="68" id="{d613d07f-160a-4ffb-8874-9fe7a30d5469}" />
      </MissingDependency>
      <MissingDependency>
        <Required type="66" schemaName="MscrmControls.Grid.GridControl" displayName="MscrmControls.Grid.GridControl" solution="BaseCustomControlsCore (9.0.2203.4013)" />
        <Dependent type="68" id="{d8df45df-f389-4143-92f4-9dfa4e06c1fd}" />
      </MissingDependency>
      <MissingDependency>
        <Required type="66" schemaName="MscrmControls.Grid.GridControl" displayName="MscrmControls.Grid.GridControl" solution="BaseCustomControlsCore (9.0.2203.4013)" />
        <Dependent type="68" id="{da01c77e-a063-4686-a1d1-7c6cd13a7fe6}" />
      </MissingDependency>
      <MissingDependency>
        <Required type="66" schemaName="MscrmControls.Grid.GridControl" displayName="MscrmControls.Grid.GridControl" solution="BaseCustomControlsCore (9.0.2203.4013)" />
        <Dependent type="68" id="{db90125e-9d9a-435d-a4d4-0985d94892d0}" />
      </MissingDependency>
      <MissingDependency>
        <Required type="66" schemaName="MscrmControls.Grid.GridControl" displayName="MscrmControls.Grid.GridControl" solution="BaseCustomControlsCore (9.0.2203.4013)" />
        <Dependent type="68" id="{dd97ea7c-613b-4d2a-9e84-5a0c87241061}" />
      </MissingDependency>
      <MissingDependency>
        <Required type="66" schemaName="MscrmControls.Grid.GridControl" displayName="MscrmControls.Grid.GridControl" solution="BaseCustomControlsCore (9.0.2203.4013)" />
        <Dependent type="68" id="{e21b457e-1a59-413d-82d7-f8039e4ecd7b}" />
      </MissingDependency>
      <MissingDependency>
        <Required type="66" schemaName="MscrmControls.Grid.GridControl" displayName="MscrmControls.Grid.GridControl" solution="BaseCustomControlsCore (9.0.2203.4013)" />
        <Dependent type="68" id="{e2add2dc-643a-4f17-9da2-4fc862c2708d}" />
      </MissingDependency>
      <MissingDependency>
        <Required type="66" schemaName="MscrmControls.Grid.GridControl" displayName="MscrmControls.Grid.GridControl" solution="BaseCustomControlsCore (9.0.2203.4013)" />
        <Dependent type="68" id="{e312b6c8-1752-46cd-b0f6-5647014dd965}" />
      </MissingDependency>
      <MissingDependency>
        <Required type="66" schemaName="MscrmControls.Grid.GridControl" displayName="MscrmControls.Grid.GridControl" solution="BaseCustomControlsCore (9.0.2203.4013)" />
        <Dependent type="68" id="{e49f1765-405a-4ac3-b4e2-d51bab5c898f}" />
      </MissingDependency>
      <MissingDependency>
        <Required type="66" schemaName="MscrmControls.Grid.GridControl" displayName="MscrmControls.Grid.GridControl" solution="BaseCustomControlsCore (9.0.2203.4013)" />
        <Dependent type="68" id="{e5b1bad6-6210-4ebf-abb7-210f25633354}" />
      </MissingDependency>
      <MissingDependency>
        <Required type="66" schemaName="MscrmControls.Grid.GridControl" displayName="MscrmControls.Grid.GridControl" solution="BaseCustomControlsCore (9.0.2203.4013)" />
        <Dependent type="68" id="{e6219fd1-f2f0-4706-993f-86585f3b8832}" />
      </MissingDependency>
      <MissingDependency>
        <Required type="66" schemaName="MscrmControls.Grid.GridControl" displayName="MscrmControls.Grid.GridControl" solution="BaseCustomControlsCore (9.0.2203.4013)" />
        <Dependent type="68" id="{e8d9fb95-fc33-4878-a2ca-1608ec9d8b6d}" />
      </MissingDependency>
      <MissingDependency>
        <Required type="66" schemaName="MscrmControls.Grid.GridControl" displayName="MscrmControls.Grid.GridControl" solution="BaseCustomControlsCore (9.0.2203.4013)" />
        <Dependent type="68" id="{ee31dab2-26f6-4465-a098-a5522133e218}" />
      </MissingDependency>
      <MissingDependency>
        <Required type="66" schemaName="MscrmControls.Grid.GridControl" displayName="MscrmControls.Grid.GridControl" solution="BaseCustomControlsCore (9.0.2203.4013)" />
        <Dependent type="68" id="{f0f5bcc8-b135-4fd3-a184-4f30a167a651}" />
      </MissingDependency>
      <MissingDependency>
        <Required type="66" schemaName="MscrmControls.Grid.GridControl" displayName="MscrmControls.Grid.GridControl" solution="BaseCustomControlsCore (9.0.2203.4013)" />
        <Dependent type="68" id="{f878163c-b37d-45ae-acab-4f5d82cf8902}" />
      </MissingDependency>
      <MissingDependency>
        <Required type="66" schemaName="MscrmControls.Grid.GridControl" displayName="MscrmControls.Grid.GridControl" solution="BaseCustomControlsCore (9.0.2203.4013)" />
        <Dependent type="68" id="{f9a3b56c-8bfb-4617-92a4-b42d0d5058dd}" />
      </MissingDependency>
      <MissingDependency>
        <Required type="66" schemaName="MscrmControls.Grid.GridControl" displayName="MscrmControls.Grid.GridControl" solution="BaseCustomControlsCore (9.0.2203.4013)" />
        <Dependent type="68" id="{fc1048e9-8c5f-4fcb-aadc-4589ff70f5e8}" />
      </MissingDependency>
      <MissingDependency>
        <Required type="66" schemaName="MscrmControls.Grid.GridControl" displayName="MscrmControls.Grid.GridControl" solution="BaseCustomControlsCore (9.0.2203.4013)" />
        <Dependent type="68" id="{ff98327b-573c-4e29-a2dc-677cd6bd56ff}" />
      </MissingDependency>
      <MissingDependency>
        <Required type="66" schemaName="MscrmControls.Grid.GridControl" displayName="MscrmControls.Grid.GridControl" solution="BaseCustomControlsCore (9.0.2203.4013)" />
        <Dependent type="68" id="{ffc44df9-3a82-4572-bf31-3c9a55a2bb2e}" />
      </MissingDependency>
    </MissingDependencies>
  </SolutionManifest>
</ImportExportXml>