{
  "properties": {
    "connectionReferences": {
      "shared_commondataserviceforapps": {
        "runtimeSource": "embedded",
        "connection": {},
        "api": {
          "name": "shared_commondataserviceforapps"
        }
      }
    },
    "definition": {
      "$schema": "https://schema.management.azure.com/providers/Microsoft.Logic/schemas/2016-06-01/workflowdefinition.json#",
      "contentVersion": "1.0.0.0",
      "parameters": {
        "$connections": {
          "defaultValue": {},
          "type": "Object"
        },
        "$authentication": {
          "defaultValue": {},
          "type": "SecureObject"
        }
      },
      "triggers": {
        "When_a_row_is_added,_modified_or_deleted": {
          "type": "OpenApiConnectionWebhook",
          "inputs": {
            "host": {
              "connectionName": "shared_commondataserviceforapps",
              "operationId": "SubscribeWebhookTrigger",
              "apiId": "/providers/Microsoft.PowerApps/apis/shared_commondataserviceforapps"
            },
            "parameters": {
              "subscriptionRequest/message": 3,
              "subscriptionRequest/entityname": "account",
              "subscriptionRequest/scope": 4,
              "subscriptionRequest/filteringattributes": "egcs_portalaccountprocess"
            },
            "authentication": "@parameters('$authentication')"
          }
        }
      },
      "actions": {
        "Terminate": {
          "runAfter": {
            "If_Application_Process_equal_to_'New'_and_Data_Entry_Source_equal_'Portal'": [
              "Succeeded"
            ]
          },
          "type": "Terminate",
          "inputs": {
            "runStatus": "Succeeded"
          }
        },
        "If_Application_Process_equal_to_'New'_and_Data_Entry_Source_equal_'Portal'": {
          "actions": {
            "Update__Current_Account_(UPDATE_LATESTACCOUNTATTESTATION_FIELD)": {
              "runAfter": {
                "Update_the_Administrator_contact": [
                  "Succeeded"
                ]
              },
              "type": "OpenApiConnection",
              "inputs": {
                "host": {
                  "connectionName": "shared_commondataserviceforapps",
                  "operationId": "UpdateRecord",
                  "apiId": "/providers/Microsoft.PowerApps/apis/shared_commondataserviceforapps"
                },
                "parameters": {
                  "entityName": "accounts",
                  "recordId": "@triggerOutputs()?['body/accountid']",
                  "item/statecode": 0,
                  "item/statuscode": 881990000
                },
                "authentication": "@parameters('$authentication')"
              }
            },
            "Create_a_SH_Required_Documents_for_each_AY_Required_Documents": {
              "foreach": "@outputs('List_all_AY_Required_Documents_associated_to_the_Agency_(FILTER_ON_AGENCY)')?['body/value']",
              "actions": {
                "Create_a_SH_Required_Document": {
                  "runAfter": {},
                  "type": "OpenApiConnection",
                  "inputs": {
                    "host": {
                      "connectionName": "shared_commondataserviceforapps",
                      "operationId": "CreateRecord",
                      "apiId": "/providers/Microsoft.PowerApps/apis/shared_commondataserviceforapps"
                    },
                    "parameters": {
                      "entityName": "egcs_sh_requireddocuments",
                      "item/egcs_name": "@items('Create_a_SH_Required_Documents_for_each_AY_Required_Documents')?['egcs_name']",
                      "item/egcs_Account@odata.bind": "accounts/@{triggerOutputs()?['body/accountid']}",
                      "item/egcs_AgencyRequiredDocument@odata.bind": "egcs_ay_requireddocuments/@{items('Create_a_SH_Required_Documents_for_each_AY_Required_Documents')?['egcs_ay_requireddocumentid']}",
                      "item/egcs_dataentrysource": 881990000,
                      "item/egcs_documenttype": "@items('Create_a_SH_Required_Documents_for_each_AY_Required_Documents')?['egcs_documenttype']",
                      "item/statuscode": 881990000
                    },
                    "authentication": "@parameters('$authentication')"
                  }
                }
              },
              "runAfter": {
                "List_all_AY_Required_Documents_associated_to_the_Agency_(FILTER_ON_AGENCY)": [
                  "Succeeded"
                ]
              },
              "type": "Foreach"
            },
            "List_all_AY_Required_Documents_associated_to_the_Agency_(FILTER_ON_AGENCY)": {
              "runAfter": {},
              "type": "OpenApiConnection",
              "inputs": {
                "host": {
                  "connectionName": "shared_commondataserviceforapps",
                  "operationId": "ListRecords",
                  "apiId": "/providers/Microsoft.PowerApps/apis/shared_commondataserviceforapps"
                },
                "parameters": {
                  "entityName": "egcs_ay_requireddocuments"
                },
                "authentication": "@parameters('$authentication')"
              }
            },
            "Update_the_Administrator_contact": {
              "runAfter": {
                "Create_an_SH_Account_Attestation_for_each_(CONVERT_TO_A_SIMPLE_CREATE)": [
                  "Succeeded"
                ]
              },
              "type": "OpenApiConnection",
              "inputs": {
                "host": {
                  "connectionName": "shared_commondataserviceforapps",
                  "operationId": "UpdateRecord",
                  "apiId": "/providers/Microsoft.PowerApps/apis/shared_commondataserviceforapps"
                },
                "parameters": {
                  "entityName": "contacts",
                  "recordId": "@triggerOutputs()?['body/_egcs_administrator_portal_value']",
                  "item/egcs_PrimaryAccount@odata.bind": "accounts/@{triggerOutputs()?['body/accountid']}",
                  "item/egcs_registereduserrole": 881990000
                },
                "authentication": "@parameters('$authentication')"
              }
            },
            "Create_an_SH_Account_Attestation_for_each_(CONVERT_TO_A_SIMPLE_CREATE)": {
              "foreach": "@outputs('List_the_AY_Account_Attestation_for_the_Agency_(CONVERT_TO_A_GET_ON_THE_AGENCY))')?['body/value']",
              "actions": {
                "Create_an_SH_Account_Attestation": {
                  "runAfter": {},
                  "type": "OpenApiConnection",
                  "inputs": {
                    "host": {
                      "connectionName": "shared_commondataserviceforapps",
                      "operationId": "CreateRecord",
                      "apiId": "/providers/Microsoft.PowerApps/apis/shared_commondataserviceforapps"
                    },
                    "parameters": {
                      "entityName": "egcs_sh_accountattestations",
                      "item/egcs_name": "Attestation - @{triggerOutputs()?['body/name']}",
                      "item/egcs_Account@odata.bind": "accounts/@{triggerOutputs()?['body/accountid']}",
                      "item/egcs_AgencyAccountAttestation@odata.bind": "egcs_ay_accountattestations/@{items('Create_an_SH_Account_Attestation_for_each_(CONVERT_TO_A_SIMPLE_CREATE)')?['egcs_ay_accountattestationid']}",
                      "item/egcs_attestationcopy_en": "@items('Create_an_SH_Account_Attestation_for_each_(CONVERT_TO_A_SIMPLE_CREATE)')?['egcs_attestationcopy_en']",
                      "item/egcs_attestationcopy_fr": "@items('Create_an_SH_Account_Attestation_for_each_(CONVERT_TO_A_SIMPLE_CREATE)')?['egcs_attestationcopy_fr']",
                      "item/egcs_AuthorizedAgent_Portal@odata.bind": "contacts/@{triggerOutputs()?['body/_egcs_administrator_portal_value']}",
                      "item/statecode": 0,
                      "item/statuscode": 881990000
                    },
                    "authentication": "@parameters('$authentication')"
                  }
                }
              },
              "runAfter": {
                "List_the_AY_Account_Attestation_for_the_Agency_(CONVERT_TO_A_GET_ON_THE_AGENCY))": [
                  "Succeeded"
                ]
              },
              "type": "Foreach"
            },
            "List_the_AY_Account_Attestation_for_the_Agency_(CONVERT_TO_A_GET_ON_THE_AGENCY))": {
              "runAfter": {
                "Create_a_SH_Required_Documents_for_each_AY_Required_Documents": [
                  "Succeeded"
                ]
              },
              "type": "OpenApiConnection",
              "inputs": {
                "host": {
                  "connectionName": "shared_commondataserviceforapps",
                  "operationId": "ListRecords",
                  "apiId": "/providers/Microsoft.PowerApps/apis/shared_commondataserviceforapps"
                },
                "parameters": {
                  "entityName": "egcs_ay_accountattestations"
                },
                "authentication": "@parameters('$authentication')"
              }
            }
          },
          "runAfter": {},
          "expression": {
            "and": [
              {
                "equals": [
                  "@triggerOutputs()?['body/egcs_portalaccountprocess']",
                  881990000
                ]
              },
              {
                "equals": [
                  "@triggerOutputs()?['body/egcs_dataentrysource']",
                  881990000
                ]
              }
            ]
          },
          "type": "If"
        }
      },
      "outputs": {}
    }
  },
  "schemaVersion": "1.0.0.0"
}