{
  "properties": {
    "connectionReferences": {
      "shared_commondataserviceforapps": {
        "runtimeSource": "embedded",
        "connection": {},
        "api": {
          "name": "shared_commondataserviceforapps"
        }
      }
    },
    "definition": {
      "$schema": "https://schema.management.azure.com/providers/Microsoft.Logic/schemas/2016-06-01/workflowdefinition.json#",
      "contentVersion": "1.0.0.0",
      "parameters": {
        "$connections": {
          "defaultValue": {},
          "type": "Object"
        },
        "$authentication": {
          "defaultValue": {},
          "type": "SecureObject"
        }
      },
      "triggers": {
        "When_a_row_is_added,_modified_or_deleted": {
          "type": "OpenApiConnectionWebhook",
          "inputs": {
            "host": {
              "connectionName": "shared_commondataserviceforapps",
              "operationId": "SubscribeWebhookTrigger",
              "apiId": "/providers/Microsoft.PowerApps/apis/shared_commondataserviceforapps"
            },
            "parameters": {
              "subscriptionRequest/message": 3,
              "subscriptionRequest/entityname": "egcs_sh_accountattestation",
              "subscriptionRequest/scope": 4
            },
            "authentication": "@parameters('$authentication')"
          }
        }
      },
      "actions": {
        "Terminate": {
          "runAfter": {
            "If_Status_Reason_equal_'Not_Validated'_and_Data_Entry_Source_equal_'Portal'": [
              "Succeeded"
            ]
          },
          "type": "Terminate",
          "inputs": {
            "runStatus": "Succeeded"
          }
        },
        "If_Status_Reason_equal_'Not_Validated'_and_Data_Entry_Source_equal_'Portal'": {
          "actions": {
            "Condition": {
              "actions": {
                "Set_Status_to_Submitted_on_Account": {
                  "runAfter": {
                    "Set_status_to_Submitted_on_SH_Application_Attestation": [
                      "Succeeded"
                    ]
                  },
                  "type": "OpenApiConnection",
                  "inputs": {
                    "host": {
                      "connectionName": "shared_commondataserviceforapps",
                      "operationId": "UpdateRecord",
                      "apiId": "/providers/Microsoft.PowerApps/apis/shared_commondataserviceforapps"
                    },
                    "parameters": {
                      "entityName": "accounts",
                      "recordId": "@triggerOutputs()?['body/_egcs_account_value']",
                      "item/egcs_portalaccountprocess": 881990004,
                      "item/statecode": 0,
                      "item/statuscode": 881990001
                    },
                    "authentication": "@parameters('$authentication')"
                  }
                },
                "Set_status_to_Submitted_on_SH_Application_Attestation": {
                  "runAfter": {},
                  "type": "OpenApiConnection",
                  "inputs": {
                    "host": {
                      "connectionName": "shared_commondataserviceforapps",
                      "operationId": "UpdateRecord",
                      "apiId": "/providers/Microsoft.PowerApps/apis/shared_commondataserviceforapps"
                    },
                    "parameters": {
                      "entityName": "egcs_sh_accountattestations",
                      "recordId": "@triggerOutputs()?['body/egcs_sh_accountattestationid']",
                      "item/statuscode": 881990001
                    },
                    "authentication": "@parameters('$authentication')"
                  }
                }
              },
              "runAfter": {
                "Get_the_Authorized_Agent_associated_to_the_Account_Attestation": [
                  "Succeeded"
                ]
              },
              "else": {
                "actions": {
                  "Clear_confirm_email,_I_agree,_signedon_and_set_status_to_'Draft'": {
                    "runAfter": {},
                    "type": "OpenApiConnection",
                    "inputs": {
                      "host": {
                        "connectionName": "shared_commondataserviceforapps",
                        "operationId": "UpdateRecord",
                        "apiId": "/providers/Microsoft.PowerApps/apis/shared_commondataserviceforapps"
                      },
                      "parameters": {
                        "entityName": "egcs_sh_accountattestations",
                        "recordId": "@triggerOutputs()?['body/egcs_sh_accountattestationid']",
                        "item/egcs_confirmemail": "@null",
                        "item/egcs_iagree": false,
                        "item/egcs_signedon": "@null",
                        "item/statuscode": 881990000
                      },
                      "authentication": "@parameters('$authentication')"
                    }
                  }
                }
              },
              "expression": {
                "and": [
                  {
                    "equals": [
                      "",
                      "@triggerOutputs()?['body/egcs_confirmemail']"
                    ]
                  },
                  {
                    "equals": [
                      "@triggerOutputs()?['body/egcs_iagree']",
                      true
                    ]
                  }
                ]
              },
              "type": "If"
            },
            "Get_the_Authorized_Agent_associated_to_the_Account_Attestation": {
              "runAfter": {},
              "type": "OpenApiConnection",
              "inputs": {
                "host": {
                  "connectionName": "shared_commondataserviceforapps",
                  "operationId": "GetItem",
                  "apiId": "/providers/Microsoft.PowerApps/apis/shared_commondataserviceforapps"
                },
                "parameters": {
                  "entityName": "contacts",
                  "recordId": "@triggerOutputs()?['body/_egcs_authorizedagent_portal_value']"
                },
                "authentication": "@parameters('$authentication')"
              }
            }
          },
          "runAfter": {},
          "else": {
            "actions": {
              "Terminate_2": {
                "runAfter": {},
                "type": "Terminate",
                "inputs": {
                  "runStatus": "Succeeded"
                }
              }
            }
          },
          "expression": {
            "and": [
              {
                "equals": [
                  "@triggerOutputs()?['body/statuscode']",
                  881990002
                ]
              },
              {
                "equals": [
                  "@triggerOutputs()?['body/egcs_dataentrysource']",
                  881990000
                ]
              }
            ]
          },
          "type": "If"
        }
      },
      "outputs": {}
    }
  },
  "schemaVersion": "1.0.0.0"
}