{
  "properties": {
    "connectionReferences": {
      "shared_commondataservice": {
        "runtimeSource": "invoker",
        "connection": {
          "connectionReferenceLogicalName": "egcs_sharedcommondataservice_d7eaf"
        },
        "api": {
          "name": "shared_commondataservice"
        }
      }
    },
    "definition": {
      "$schema": "https://schema.management.azure.com/providers/Microsoft.Logic/schemas/2016-06-01/workflowdefinition.json#",
      "contentVersion": "1.0.0.0",
      "parameters": {
        "$connections": {
          "defaultValue": {},
          "type": "Object"
        },
        "$authentication": {
          "defaultValue": {},
          "type": "SecureObject"
        }
      },
      "triggers": {
        "manual": {
          "splitOn": "@triggerBody()['rows']",
          "type": "Request",
          "kind": "ApiConnection",
          "inputs": {
            "schema": {
              "type": "object",
              "properties": {},
              "required": []
            },
            "host": {
              "connection": {
                "name": "@parameters('$connections')['shared_commondataservice']['connectionId']"
              }
            },
            "operationId": "GetOnNewItems_V2",
            "parameters": {
              "dataset": "default.cds",
              "table": "accounts"
            }
          }
        }
      },
      "actions": {
        "Create_a_new_record": {
          "runAfter": {},
          "type": "OpenApiConnection",
          "inputs": {
            "host": {
              "connectionName": "shared_commondataservice",
              "operationId": "PostItem_V2",
              "apiId": "/providers/Microsoft.PowerApps/apis/shared_commondataservice"
            },
            "parameters": {
              "dataset": "0c1981de854c4baeaf9320efcbffab1f.crm3",
              "table": "accounts",
              "item/name": "test Fred",
              "item/creditonhold": false,
              "item/donotbulkemail": false,
              "item/donotbulkpostalmail": false,
              "item/donotemail": false,
              "item/donotfax": false,
              "item/donotpostalmail": false,
              "item/donotphone": false,
              "item/followemail": true,
              "item/egcs_isapplicant": false,
              "item/egcs_isfederalagency": false,
              "item/egcs_isgcclient": false,
              "item/egcs_isnortherncommunity": false,
              "item/egcs_ispartner": false,
              "item/marketingonly": false,
              "item/participatesinworkflow": false,
              "item/donotsendmm": false,
              "item/_ownerid_type": ""
            },
            "authentication": {
              "type": "Raw",
              "value": "@json(decodeBase64(triggerOutputs().headers['X-MS-APIM-Tokens']))['$ConnectionKey']"
            }
          }
        }
      },
      "outputs": {}
    }
  },
  "schemaVersion": "1.0.0.0"
}